-- Adminer 4.7.7 MySQL dump

SET NAMES utf8;
SET time_zone = '+00:00';
SET foreign_key_checks = 0;
SET sql_mode = 'NO_AUTO_VALUE_ON_ZERO';

DROP TABLE IF EXISTS `countries`;
CREATE TABLE `countries` (
  `id` bigint(20) NOT NULL AUTO_INCREMENT,
  `country_name` varchar(191) DEFAULT NULL,
  `country_code` varchar(5) DEFAULT NULL,
  `created_by` bigint(20) DEFAULT NULL,
  `created_at` timestamp NULL DEFAULT NULL,
  `updated_by` bigint(20) DEFAULT NULL,
  `updated_at` timestamp NULL DEFAULT NULL,
  `is_deleted` tinyint(1) DEFAULT '0',
  PRIMARY KEY (`id`)
) ENGINE=InnoDB DEFAULT CHARSET=latin1;

INSERT INTO `countries` (`id`, `country_name`, `country_code`, `created_by`, `created_at`, `updated_by`, `updated_at`, `is_deleted`) VALUES
(1,	'Afghanistan',	'AF',	1,	'2022-05-22 18:19:56',	NULL,	NULL,	0),
(2,	'Albania',	'AL',	1,	'2022-05-22 18:19:56',	NULL,	NULL,	0),
(3,	'Algeria',	'DZ',	1,	'2022-05-22 18:19:56',	NULL,	NULL,	0),
(4,	'American Samoa',	'AS',	1,	'2022-05-22 18:19:56',	NULL,	NULL,	0),
(5,	'Andorra',	'AD',	1,	'2022-05-22 18:19:56',	NULL,	NULL,	0),
(6,	'Angola',	'AO',	1,	'2022-05-22 18:19:56',	NULL,	NULL,	0),
(7,	'Anguilla',	'AI',	1,	'2022-05-22 18:19:56',	NULL,	NULL,	0),
(8,	'Antarctica',	'AQ',	1,	'2022-05-22 18:19:56',	NULL,	NULL,	0),
(9,	'Antigua and Barbuda',	'AG',	1,	'2022-05-22 18:19:56',	NULL,	NULL,	0),
(10,	'Argentina',	'AR',	1,	'2022-05-22 18:19:56',	NULL,	NULL,	0),
(11,	'Armenia',	'AM',	1,	'2022-05-22 18:19:56',	NULL,	NULL,	0),
(12,	'Aruba',	'AW',	1,	'2022-05-22 18:19:56',	NULL,	NULL,	0),
(13,	'Australia',	'AU',	1,	'2022-05-22 18:19:56',	NULL,	NULL,	0),
(14,	'Austria',	'AT',	1,	'2022-05-22 18:19:56',	NULL,	NULL,	0),
(15,	'Azerbaijan',	'AZ',	1,	'2022-05-22 18:19:56',	NULL,	NULL,	0),
(16,	'Bahamas',	'BS',	1,	'2022-05-22 18:19:56',	NULL,	NULL,	0),
(17,	'Bahrain',	'BH',	1,	'2022-05-22 18:19:56',	NULL,	NULL,	0),
(18,	'Bangladesh',	'BD',	1,	'2022-05-22 18:19:56',	NULL,	NULL,	0),
(19,	'Barbados',	'BB',	1,	'2022-05-22 18:19:56',	NULL,	NULL,	0),
(20,	'Belarus',	'BY',	1,	'2022-05-22 18:19:56',	NULL,	NULL,	0),
(21,	'Belgium',	'BE',	1,	'2022-05-22 18:19:56',	NULL,	NULL,	0),
(22,	'Belize',	'BZ',	1,	'2022-05-22 18:19:56',	NULL,	NULL,	0),
(23,	'Benin',	'BJ',	1,	'2022-05-22 18:19:56',	NULL,	NULL,	0),
(24,	'Bermuda',	'BM',	1,	'2022-05-22 18:19:56',	NULL,	NULL,	0),
(25,	'Bhutan',	'BT',	1,	'2022-05-22 18:19:56',	NULL,	NULL,	0),
(26,	'Bolivia',	'BO',	1,	'2022-05-22 18:19:56',	NULL,	NULL,	0),
(27,	'Bosnia and Herzegovina',	'BA',	1,	'2022-05-22 18:19:56',	NULL,	NULL,	0),
(28,	'Botswana',	'BW',	1,	'2022-05-22 18:19:56',	NULL,	NULL,	0),
(29,	'Brazil',	'BR',	1,	'2022-05-22 18:19:56',	NULL,	NULL,	0),
(30,	'British Indian Ocean Territory',	'IO',	1,	'2022-05-22 18:19:56',	NULL,	NULL,	0),
(31,	'British Virgin Islands',	'VG',	1,	'2022-05-22 18:19:56',	NULL,	NULL,	0),
(32,	'Brunei',	'BN',	1,	'2022-05-22 18:19:56',	NULL,	NULL,	0),
(33,	'Bulgaria',	'BG',	1,	'2022-05-22 18:19:56',	NULL,	NULL,	0),
(34,	'Burkina Faso',	'BF',	1,	'2022-05-22 18:19:56',	NULL,	NULL,	0),
(35,	'Burundi',	'BI',	1,	'2022-05-22 18:19:56',	NULL,	NULL,	0),
(36,	'Cambodia',	'KH',	1,	'2022-05-22 18:19:56',	NULL,	NULL,	0),
(37,	'Cameroon',	'CM',	1,	'2022-05-22 18:19:56',	NULL,	NULL,	0),
(38,	'Canada',	'CA',	1,	'2022-05-22 18:19:56',	NULL,	NULL,	0),
(39,	'Cape Verde',	'CV',	1,	'2022-05-22 18:19:56',	NULL,	NULL,	0),
(40,	'Cayman Islands',	'KY',	1,	'2022-05-22 18:19:56',	NULL,	NULL,	0),
(41,	'Central African Republic',	'CF',	1,	'2022-05-22 18:19:56',	NULL,	NULL,	0),
(42,	'Chad',	'TD',	1,	'2022-05-22 18:19:56',	NULL,	NULL,	0),
(43,	'Chile',	'CL',	1,	'2022-05-22 18:19:56',	NULL,	NULL,	0),
(44,	'China',	'CN',	1,	'2022-05-22 18:19:56',	NULL,	NULL,	0),
(45,	'Christmas Island',	'CX',	1,	'2022-05-22 18:19:56',	NULL,	NULL,	0),
(46,	'Cocos Islands',	'CC',	1,	'2022-05-22 18:19:56',	NULL,	NULL,	0),
(47,	'Colombia',	'CO',	1,	'2022-05-22 18:19:56',	NULL,	NULL,	0),
(48,	'Comoros',	'KM',	1,	'2022-05-22 18:19:56',	NULL,	NULL,	0),
(49,	'Cook Islands',	'CK',	1,	'2022-05-22 18:19:56',	NULL,	NULL,	0),
(50,	'Costa Rica',	'CR',	1,	'2022-05-22 18:19:56',	NULL,	NULL,	0),
(51,	'Croatia',	'HR',	1,	'2022-05-22 18:19:56',	NULL,	NULL,	0),
(52,	'Cuba',	'CU',	1,	'2022-05-22 18:19:56',	NULL,	NULL,	0),
(53,	'Curacao',	'CW',	1,	'2022-05-22 18:19:56',	NULL,	NULL,	0),
(54,	'Cyprus',	'CY',	1,	'2022-05-22 18:19:56',	NULL,	NULL,	0),
(55,	'Czech Republic',	'CZ',	1,	'2022-05-22 18:19:56',	NULL,	NULL,	0),
(56,	'Democratic Republic of the Congo',	'CD',	1,	'2022-05-22 18:19:56',	NULL,	NULL,	0),
(57,	'Denmark',	'DK',	1,	'2022-05-22 18:19:56',	NULL,	NULL,	0),
(58,	'Djibouti',	'DJ',	1,	'2022-05-22 18:19:56',	NULL,	NULL,	0),
(59,	'Dominica',	'DM',	1,	'2022-05-22 18:19:56',	NULL,	NULL,	0),
(60,	'Dominican Republic',	'DO',	1,	'2022-05-22 18:19:56',	NULL,	NULL,	0),
(61,	'East Timor',	'TL',	1,	'2022-05-22 18:19:56',	NULL,	NULL,	0),
(62,	'Ecuador',	'EC',	1,	'2022-05-22 18:19:56',	NULL,	NULL,	0),
(63,	'Egypt',	'EG',	1,	'2022-05-22 18:19:56',	NULL,	NULL,	0),
(64,	'El Salvador',	'SV',	1,	'2022-05-22 18:19:56',	NULL,	NULL,	0),
(65,	'Equatorial Guinea',	'GQ',	1,	'2022-05-22 18:19:56',	NULL,	NULL,	0),
(66,	'Eritrea',	'ER',	1,	'2022-05-22 18:19:56',	NULL,	NULL,	0),
(67,	'Estonia',	'EE',	1,	'2022-05-22 18:19:56',	NULL,	NULL,	0),
(68,	'Ethiopia',	'ET',	1,	'2022-05-22 18:19:56',	NULL,	NULL,	0),
(69,	'Falkland Islands',	'FK',	1,	'2022-05-22 18:19:56',	NULL,	NULL,	0),
(70,	'Faroe Islands',	'FO',	1,	'2022-05-22 18:19:56',	NULL,	NULL,	0),
(71,	'Fiji',	'FJ',	1,	'2022-05-22 18:19:56',	NULL,	NULL,	0),
(72,	'Finland',	'FI',	1,	'2022-05-22 18:19:56',	NULL,	NULL,	0),
(73,	'France',	'FR',	1,	'2022-05-22 18:19:56',	NULL,	NULL,	0),
(74,	'French Polynesia',	'PF',	1,	'2022-05-22 18:19:56',	NULL,	NULL,	0),
(75,	'Gabon',	'GA',	1,	'2022-05-22 18:19:56',	NULL,	NULL,	0),
(76,	'Gambia',	'GM',	1,	'2022-05-22 18:19:56',	NULL,	NULL,	0),
(77,	'Georgia',	'GE',	1,	'2022-05-22 18:19:56',	NULL,	NULL,	0),
(78,	'Germany',	'DE',	1,	'2022-05-22 18:19:56',	NULL,	NULL,	0),
(79,	'Ghana',	'GH',	1,	'2022-05-22 18:19:56',	NULL,	NULL,	0),
(80,	'Gibraltar',	'GI',	1,	'2022-05-22 18:19:56',	NULL,	NULL,	0),
(81,	'Greece',	'GR',	1,	'2022-05-22 18:19:56',	NULL,	NULL,	0),
(82,	'Greenland',	'GL',	1,	'2022-05-22 18:19:56',	NULL,	NULL,	0),
(83,	'Grenada',	'GD',	1,	'2022-05-22 18:19:56',	NULL,	NULL,	0),
(84,	'Guam',	'GU',	1,	'2022-05-22 18:19:56',	NULL,	NULL,	0),
(85,	'Guatemala',	'GT',	1,	'2022-05-22 18:19:56',	NULL,	NULL,	0),
(86,	'Guernsey',	'GG',	1,	'2022-05-22 18:19:56',	NULL,	NULL,	0),
(87,	'Guinea',	'GN',	1,	'2022-05-22 18:19:56',	NULL,	NULL,	0),
(88,	'Guinea-Bissau',	'GW',	1,	'2022-05-22 18:19:56',	NULL,	NULL,	0),
(89,	'Guyana',	'GY',	1,	'2022-05-22 18:19:56',	NULL,	NULL,	0),
(90,	'Haiti',	'HT',	1,	'2022-05-22 18:19:56',	NULL,	NULL,	0),
(91,	'Honduras',	'HN',	1,	'2022-05-22 18:19:56',	NULL,	NULL,	0),
(92,	'Hong Kong',	'HK',	1,	'2022-05-22 18:19:56',	NULL,	NULL,	0),
(93,	'Hungary',	'HU',	1,	'2022-05-22 18:19:56',	NULL,	NULL,	0),
(94,	'Iceland',	'IS',	1,	'2022-05-22 18:19:56',	NULL,	NULL,	0),
(95,	'India',	'IN',	1,	'2022-05-22 18:19:56',	NULL,	NULL,	0),
(96,	'Indonesia',	'ID',	1,	'2022-05-22 18:19:56',	NULL,	NULL,	0),
(97,	'Iran',	'IR',	1,	'2022-05-22 18:19:56',	NULL,	NULL,	0),
(98,	'Iraq',	'IQ',	1,	'2022-05-22 18:19:56',	NULL,	NULL,	0),
(99,	'Ireland',	'IE',	1,	'2022-05-22 18:19:56',	NULL,	NULL,	0),
(100,	'Isle of Man',	'IM',	1,	'2022-05-22 18:19:56',	NULL,	NULL,	0),
(101,	'Israel',	'IL',	1,	'2022-05-22 18:19:56',	NULL,	NULL,	0),
(102,	'Italy',	'IT',	1,	'2022-05-22 18:19:56',	NULL,	NULL,	0),
(103,	'Ivory Coast',	'CI',	1,	'2022-05-22 18:19:56',	NULL,	NULL,	0),
(104,	'Jamaica',	'JM',	1,	'2022-05-22 18:19:56',	NULL,	NULL,	0),
(105,	'Japan',	'JP',	1,	'2022-05-22 18:19:56',	NULL,	NULL,	0),
(106,	'Jersey',	'JE',	1,	'2022-05-22 18:19:56',	NULL,	NULL,	0),
(107,	'Jordan',	'JO',	1,	'2022-05-22 18:19:56',	NULL,	NULL,	0),
(108,	'Kazakhstan',	'KZ',	1,	'2022-05-22 18:19:56',	NULL,	NULL,	0),
(109,	'Kenya',	'KE',	1,	'2022-05-22 18:19:56',	NULL,	NULL,	0),
(110,	'Kiribati',	'KI',	1,	'2022-05-22 18:19:56',	NULL,	NULL,	0),
(111,	'Kosovo',	'XK',	1,	'2022-05-22 18:19:56',	NULL,	NULL,	0),
(112,	'Kuwait',	'KW',	1,	'2022-05-22 18:19:56',	NULL,	NULL,	0),
(113,	'Kyrgyzstan',	'KG',	1,	'2022-05-22 18:19:56',	NULL,	NULL,	0),
(114,	'Laos',	'LA',	1,	'2022-05-22 18:19:56',	NULL,	NULL,	0),
(115,	'Latvia',	'LV',	1,	'2022-05-22 18:19:56',	NULL,	NULL,	0),
(116,	'Lebanon',	'LB',	1,	'2022-05-22 18:19:56',	NULL,	NULL,	0),
(117,	'Lesotho',	'LS',	1,	'2022-05-22 18:19:56',	NULL,	NULL,	0),
(118,	'Liberia',	'LR',	1,	'2022-05-22 18:19:56',	NULL,	NULL,	0),
(119,	'Libya',	'LY',	1,	'2022-05-22 18:19:56',	NULL,	NULL,	0),
(120,	'Liechtenstein',	'LI',	1,	'2022-05-22 18:19:56',	NULL,	NULL,	0),
(121,	'Lithuania',	'LT',	1,	'2022-05-22 18:19:56',	NULL,	NULL,	0),
(122,	'Luxembourg',	'LU',	1,	'2022-05-22 18:19:56',	NULL,	NULL,	0),
(123,	'Macau',	'MO',	1,	'2022-05-22 18:19:56',	NULL,	NULL,	0),
(124,	'Macedonia',	'MK',	1,	'2022-05-22 18:19:56',	NULL,	NULL,	0),
(125,	'Madagascar',	'MG',	1,	'2022-05-22 18:19:56',	NULL,	NULL,	0),
(126,	'Malawi',	'MW',	1,	'2022-05-22 18:19:56',	NULL,	NULL,	0),
(127,	'Malaysia',	'MY',	1,	'2022-05-22 18:19:56',	NULL,	NULL,	0),
(128,	'Maldives',	'MV',	1,	'2022-05-22 18:19:56',	NULL,	NULL,	0),
(129,	'Mali',	'ML',	1,	'2022-05-22 18:19:56',	NULL,	NULL,	0),
(130,	'Malta',	'MT',	1,	'2022-05-22 18:19:56',	NULL,	NULL,	0),
(131,	'Marshall Islands',	'MH',	1,	'2022-05-22 18:19:56',	NULL,	NULL,	0),
(132,	'Mauritania',	'MR',	1,	'2022-05-22 18:19:56',	NULL,	NULL,	0),
(133,	'Mauritius',	'MU',	1,	'2022-05-22 18:19:56',	NULL,	NULL,	0),
(134,	'Mayotte',	'YT',	1,	'2022-05-22 18:19:56',	NULL,	NULL,	0),
(135,	'Mexico',	'MX',	1,	'2022-05-22 18:19:56',	NULL,	NULL,	0),
(136,	'Micronesia',	'FM',	1,	'2022-05-22 18:19:56',	NULL,	NULL,	0),
(137,	'Moldova',	'MD',	1,	'2022-05-22 18:19:56',	NULL,	NULL,	0),
(138,	'Monaco',	'MC',	1,	'2022-05-22 18:19:56',	NULL,	NULL,	0),
(139,	'Mongolia',	'MN',	1,	'2022-05-22 18:19:56',	NULL,	NULL,	0),
(140,	'Montenegro',	'ME',	1,	'2022-05-22 18:19:56',	NULL,	NULL,	0),
(141,	'Montserrat',	'MS',	1,	'2022-05-22 18:19:56',	NULL,	NULL,	0),
(142,	'Morocco',	'MA',	1,	'2022-05-22 18:19:56',	NULL,	NULL,	0),
(143,	'Mozambique',	'MZ',	1,	'2022-05-22 18:19:56',	NULL,	NULL,	0),
(144,	'Myanmar',	'MM',	1,	'2022-05-22 18:19:56',	NULL,	NULL,	0),
(145,	'Namibia',	'NA',	1,	'2022-05-22 18:19:56',	NULL,	NULL,	0),
(146,	'Nauru',	'NR',	1,	'2022-05-22 18:19:56',	NULL,	NULL,	0),
(147,	'Nepal',	'NP',	1,	'2022-05-22 18:19:56',	NULL,	NULL,	0),
(148,	'Netherlands',	'NL',	1,	'2022-05-22 18:19:56',	NULL,	NULL,	0),
(149,	'Netherlands Antilles',	'AN',	1,	'2022-05-22 18:19:56',	NULL,	NULL,	0),
(150,	'New Caledonia',	'NC',	1,	'2022-05-22 18:19:56',	NULL,	NULL,	0),
(151,	'New Zealand',	'NZ',	1,	'2022-05-22 18:19:56',	NULL,	NULL,	0),
(152,	'Nicaragua',	'NI',	1,	'2022-05-22 18:19:56',	NULL,	NULL,	0),
(153,	'Niger',	'NE',	1,	'2022-05-22 18:19:56',	NULL,	NULL,	0),
(154,	'Nigeria',	'NG',	1,	'2022-05-22 18:19:56',	NULL,	NULL,	0),
(155,	'Niue',	'NU',	1,	'2022-05-22 18:19:56',	NULL,	NULL,	0),
(156,	'North Korea',	'KP',	1,	'2022-05-22 18:19:56',	NULL,	NULL,	0),
(157,	'Northern Mariana Islands',	'MP',	1,	'2022-05-22 18:19:56',	NULL,	NULL,	0),
(158,	'Norway',	'NO',	1,	'2022-05-22 18:19:56',	NULL,	NULL,	0),
(159,	'Oman',	'OM',	1,	'2022-05-22 18:19:56',	NULL,	NULL,	0),
(160,	'Pakistan',	'PK',	1,	'2022-05-22 18:19:56',	NULL,	NULL,	0),
(161,	'Palau',	'PW',	1,	'2022-05-22 18:19:56',	NULL,	NULL,	0),
(162,	'Palestine',	'PS',	1,	'2022-05-22 18:19:56',	NULL,	NULL,	0),
(163,	'Panama',	'PA',	1,	'2022-05-22 18:19:56',	NULL,	NULL,	0),
(164,	'Papua New Guinea',	'PG',	1,	'2022-05-22 18:19:56',	NULL,	NULL,	0),
(165,	'Paraguay',	'PY',	1,	'2022-05-22 18:19:56',	NULL,	NULL,	0),
(166,	'Peru',	'PE',	1,	'2022-05-22 18:19:56',	NULL,	NULL,	0),
(167,	'Philippines',	'PH',	1,	'2022-05-22 18:19:56',	NULL,	NULL,	0),
(168,	'Pitcairn',	'PN',	1,	'2022-05-22 18:19:56',	NULL,	NULL,	0),
(169,	'Poland',	'PL',	1,	'2022-05-22 18:19:56',	NULL,	NULL,	0),
(170,	'Portugal',	'PT',	1,	'2022-05-22 18:19:56',	NULL,	NULL,	0),
(171,	'Puerto Rico',	'PR',	1,	'2022-05-22 18:19:56',	NULL,	NULL,	0),
(172,	'Qatar',	'QA',	1,	'2022-05-22 18:19:56',	NULL,	NULL,	0),
(173,	'Republic of the Congo',	'CG',	1,	'2022-05-22 18:19:56',	NULL,	NULL,	0),
(174,	'Reunion',	'RE',	1,	'2022-05-22 18:19:56',	NULL,	NULL,	0),
(175,	'Romania',	'RO',	1,	'2022-05-22 18:19:56',	NULL,	NULL,	0),
(176,	'Russia',	'RU',	1,	'2022-05-22 18:19:56',	NULL,	NULL,	0),
(177,	'Rwanda',	'RW',	1,	'2022-05-22 18:19:56',	NULL,	NULL,	0),
(178,	'Saint Barthelemy',	'BL',	1,	'2022-05-22 18:19:56',	NULL,	NULL,	0),
(179,	'Saint Helena',	'SH',	1,	'2022-05-22 18:19:56',	NULL,	NULL,	0),
(180,	'Saint Kitts and Nevis',	'KN',	1,	'2022-05-22 18:19:56',	NULL,	NULL,	0),
(181,	'Saint Lucia',	'LC',	1,	'2022-05-22 18:19:56',	NULL,	NULL,	0),
(182,	'Saint Martin',	'MF',	1,	'2022-05-22 18:19:56',	NULL,	NULL,	0),
(183,	'Saint Pierre and Miquelon',	'PM',	1,	'2022-05-22 18:19:56',	NULL,	NULL,	0),
(184,	'Saint Vincent and the Grenadines',	'VC',	1,	'2022-05-22 18:19:56',	NULL,	NULL,	0),
(185,	'Samoa',	'WS',	1,	'2022-05-22 18:19:56',	NULL,	NULL,	0),
(186,	'San Marino',	'SM',	1,	'2022-05-22 18:19:56',	NULL,	NULL,	0),
(187,	'Sao Tome and Principe',	'ST',	1,	'2022-05-22 18:19:56',	NULL,	NULL,	0),
(188,	'Saudi Arabia',	'SA',	1,	'2022-05-22 18:19:56',	NULL,	NULL,	0),
(189,	'Senegal',	'SN',	1,	'2022-05-22 18:19:56',	NULL,	NULL,	0),
(190,	'Serbia',	'RS',	1,	'2022-05-22 18:19:56',	NULL,	NULL,	0),
(191,	'Seychelles',	'SC',	1,	'2022-05-22 18:19:56',	NULL,	NULL,	0),
(192,	'Sierra Leone',	'SL',	1,	'2022-05-22 18:19:56',	NULL,	NULL,	0),
(193,	'Singapore',	'SG',	1,	'2022-05-22 18:19:56',	NULL,	NULL,	0),
(194,	'Sint Maarten',	'SX',	1,	'2022-05-22 18:19:56',	NULL,	NULL,	0),
(195,	'Slovakia',	'SK',	1,	'2022-05-22 18:19:56',	NULL,	NULL,	0),
(196,	'Slovenia',	'SI',	1,	'2022-05-22 18:19:56',	NULL,	NULL,	0),
(197,	'Solomon Islands',	'SB',	1,	'2022-05-22 18:19:56',	NULL,	NULL,	0),
(198,	'Somalia',	'SO',	1,	'2022-05-22 18:19:56',	NULL,	NULL,	0),
(199,	'South Africa',	'ZA',	1,	'2022-05-22 18:19:56',	NULL,	NULL,	0),
(200,	'South Korea',	'KR',	1,	'2022-05-22 18:19:56',	NULL,	NULL,	0),
(201,	'South Sudan',	'SS',	1,	'2022-05-22 18:19:56',	NULL,	NULL,	0),
(202,	'Spain',	'ES',	1,	'2022-05-22 18:19:56',	NULL,	NULL,	0),
(203,	'Sri Lanka',	'LK',	1,	'2022-05-22 18:19:56',	NULL,	NULL,	0),
(204,	'Sudan',	'SD',	1,	'2022-05-22 18:19:56',	NULL,	NULL,	0),
(205,	'Suriname',	'SR',	1,	'2022-05-22 18:19:56',	NULL,	NULL,	0),
(206,	'Svalbard and Jan Mayen',	'SJ',	1,	'2022-05-22 18:19:56',	NULL,	NULL,	0),
(207,	'Swaziland',	'SZ',	1,	'2022-05-22 18:19:56',	NULL,	NULL,	0),
(208,	'Sweden',	'SE',	1,	'2022-05-22 18:19:56',	NULL,	NULL,	0),
(209,	'Switzerland',	'CH',	1,	'2022-05-22 18:19:56',	NULL,	NULL,	0),
(210,	'Syria',	'SY',	1,	'2022-05-22 18:19:56',	NULL,	NULL,	0),
(211,	'Taiwan',	'TW',	1,	'2022-05-22 18:19:56',	NULL,	NULL,	0),
(212,	'Tajikistan',	'TJ',	1,	'2022-05-22 18:19:56',	NULL,	NULL,	0),
(213,	'Tanzania',	'TZ',	1,	'2022-05-22 18:19:56',	NULL,	NULL,	0),
(214,	'Thailand',	'TH',	1,	'2022-05-22 18:19:56',	NULL,	NULL,	0),
(215,	'Togo',	'TG',	1,	'2022-05-22 18:19:56',	NULL,	NULL,	0),
(216,	'Tokelau',	'TK',	1,	'2022-05-22 18:19:56',	NULL,	NULL,	0),
(217,	'Tonga',	'TO',	1,	'2022-05-22 18:19:56',	NULL,	NULL,	0),
(218,	'Trinidad and Tobago',	'TT',	1,	'2022-05-22 18:19:56',	NULL,	NULL,	0),
(219,	'Tunisia',	'TN',	1,	'2022-05-22 18:19:56',	NULL,	NULL,	0),
(220,	'Turkey',	'TR',	1,	'2022-05-22 18:19:56',	NULL,	NULL,	0),
(221,	'Turkmenistan',	'TM',	1,	'2022-05-22 18:19:56',	NULL,	NULL,	0),
(222,	'Turks and Caicos Islands',	'TC',	1,	'2022-05-22 18:19:56',	NULL,	NULL,	0),
(223,	'Tuvalu',	'TV',	1,	'2022-05-22 18:19:56',	NULL,	NULL,	0),
(224,	'U.S. Virgin Islands',	'VI',	1,	'2022-05-22 18:19:56',	NULL,	NULL,	0),
(225,	'Uganda',	'UG',	1,	'2022-05-22 18:19:56',	NULL,	NULL,	0),
(226,	'Ukraine',	'UA',	1,	'2022-05-22 18:19:56',	NULL,	NULL,	0),
(227,	'United Arab Emirates',	'AE',	1,	'2022-05-22 18:19:56',	NULL,	NULL,	0),
(228,	'United Kingdom',	'GB',	1,	'2022-05-22 18:19:56',	NULL,	NULL,	0),
(229,	'United States',	'US',	1,	'2022-05-22 18:19:56',	NULL,	NULL,	0),
(230,	'Uruguay',	'UY',	1,	'2022-05-22 18:19:56',	NULL,	NULL,	0),
(231,	'Uzbekistan',	'UZ',	1,	'2022-05-22 18:19:56',	NULL,	NULL,	0),
(232,	'Vanuatu',	'VU',	1,	'2022-05-22 18:19:56',	NULL,	NULL,	0),
(233,	'Vatican',	'VA',	1,	'2022-05-22 18:19:56',	NULL,	NULL,	0),
(234,	'Venezuela',	'VE',	1,	'2022-05-22 18:19:56',	NULL,	NULL,	0),
(235,	'Vietnam',	'VN',	1,	'2022-05-22 18:19:56',	NULL,	NULL,	0),
(236,	'Wallis and Futuna',	'WF',	1,	'2022-05-22 18:19:56',	NULL,	NULL,	0),
(237,	'Western Sahara',	'EH',	1,	'2022-05-22 18:19:56',	NULL,	NULL,	0),
(238,	'Yemen',	'YE',	1,	'2022-05-22 18:19:56',	NULL,	NULL,	0),
(239,	'Zambia',	'ZM',	1,	'2022-05-22 18:19:56',	NULL,	NULL,	0),
(240,	'Zimbabwe',	'ZW',	1,	'2022-05-22 18:19:56',	NULL,	NULL,	0);

INSERT INTO `ref_city` (`id`, `ref_state_id`, `city_name`, `maker_id`, `maker_status_id`, `maker_remarks`, `created_date`, `checker_id`, `checker_status_id`, `checker_remarks`, `checked_date`, `approver_id`, `approver_status_id`, `approver_remarks`, `display_on_date`, `approved_date`, `created_by`, `created_at`, `updated_by`, `updated_at`, `deleted_at`) VALUES
(1,	9,	'Modinagar',	NULL,	NULL,	NULL,	NULL,	NULL,	NULL,	NULL,	NULL,	NULL,	NULL,	NULL,	NULL,	NULL,	6,	'2022-06-06 18:14:22',	NULL,	NULL,	NULL),
(2,	9,	'Mathura',	NULL,	NULL,	NULL,	NULL,	NULL,	NULL,	NULL,	NULL,	NULL,	NULL,	NULL,	NULL,	NULL,	6,	'2022-06-06 18:14:48',	NULL,	NULL,	NULL),
(3,	5,	'Dehradun',	NULL,	NULL,	NULL,	NULL,	NULL,	NULL,	NULL,	NULL,	NULL,	NULL,	NULL,	NULL,	NULL,	6,	'2022-06-06 18:14:48',	NULL,	NULL,	NULL),
(4,	4,	'Chandigarh',	NULL,	NULL,	NULL,	NULL,	NULL,	NULL,	NULL,	NULL,	NULL,	NULL,	NULL,	NULL,	NULL,	NULL,	NULL,	NULL,	NULL,	NULL),
(5,	6,	'Faridabad',	NULL,	NULL,	NULL,	NULL,	NULL,	NULL,	NULL,	NULL,	NULL,	NULL,	NULL,	NULL,	NULL,	NULL,	NULL,	NULL,	NULL,	NULL),
(6,	6,	'Gurgaon',	NULL,	NULL,	NULL,	NULL,	NULL,	NULL,	NULL,	NULL,	NULL,	NULL,	NULL,	NULL,	NULL,	NULL,	NULL,	NULL,	NULL,	NULL),
(7,	6,	'Rohtak',	NULL,	NULL,	NULL,	NULL,	NULL,	NULL,	NULL,	NULL,	NULL,	NULL,	NULL,	NULL,	NULL,	NULL,	NULL,	NULL,	NULL,	NULL),
(8,	6,	'Panipat',	NULL,	NULL,	NULL,	NULL,	NULL,	NULL,	NULL,	NULL,	NULL,	NULL,	NULL,	NULL,	NULL,	NULL,	NULL,	NULL,	NULL,	NULL),
(9,	6,	'Karnal',	NULL,	NULL,	NULL,	NULL,	NULL,	NULL,	NULL,	NULL,	NULL,	NULL,	NULL,	NULL,	NULL,	NULL,	NULL,	NULL,	NULL,	NULL),
(10,	6,	'Sonipat',	NULL,	NULL,	NULL,	NULL,	NULL,	NULL,	NULL,	NULL,	NULL,	NULL,	NULL,	NULL,	NULL,	NULL,	NULL,	NULL,	NULL,	NULL),
(11,	6,	'Yamunanagar',	NULL,	NULL,	NULL,	NULL,	NULL,	NULL,	NULL,	NULL,	NULL,	NULL,	NULL,	NULL,	NULL,	NULL,	NULL,	NULL,	NULL,	NULL),
(12,	6,	'Panchkula',	NULL,	NULL,	NULL,	NULL,	NULL,	NULL,	NULL,	NULL,	NULL,	NULL,	NULL,	NULL,	NULL,	NULL,	NULL,	NULL,	NULL,	NULL),
(13,	6,	'Bhiwani',	NULL,	NULL,	NULL,	NULL,	NULL,	NULL,	NULL,	NULL,	NULL,	NULL,	NULL,	NULL,	NULL,	NULL,	NULL,	NULL,	NULL,	NULL),
(14,	7,	'Delhi',	NULL,	NULL,	NULL,	NULL,	NULL,	NULL,	NULL,	NULL,	NULL,	NULL,	NULL,	NULL,	NULL,	NULL,	NULL,	NULL,	NULL,	NULL),
(15,	7,	'Kirari Suleman Nagar',	NULL,	NULL,	NULL,	NULL,	NULL,	NULL,	NULL,	NULL,	NULL,	NULL,	NULL,	NULL,	NULL,	NULL,	NULL,	NULL,	NULL,	NULL),
(16,	7,	'New Delhi',	NULL,	NULL,	NULL,	NULL,	NULL,	NULL,	NULL,	NULL,	NULL,	NULL,	NULL,	NULL,	NULL,	NULL,	NULL,	NULL,	NULL,	NULL),
(17,	7,	'Karawal Nagar',	NULL,	NULL,	NULL,	NULL,	NULL,	NULL,	NULL,	NULL,	NULL,	NULL,	NULL,	NULL,	NULL,	NULL,	NULL,	NULL,	NULL,	NULL),
(18,	7,	'Nangloi Jat',	NULL,	NULL,	NULL,	NULL,	NULL,	NULL,	NULL,	NULL,	NULL,	NULL,	NULL,	NULL,	NULL,	NULL,	NULL,	NULL,	NULL,	NULL),
(19,	7,	'Bhalswa Jahangir Pur',	NULL,	NULL,	NULL,	NULL,	NULL,	NULL,	NULL,	NULL,	NULL,	NULL,	NULL,	NULL,	NULL,	NULL,	NULL,	NULL,	NULL,	NULL),
(20,	7,	'Sultan Pur Majra',	NULL,	NULL,	NULL,	NULL,	NULL,	NULL,	NULL,	NULL,	NULL,	NULL,	NULL,	NULL,	NULL,	NULL,	NULL,	NULL,	NULL,	NULL),
(21,	10,	'Patna',	NULL,	NULL,	NULL,	NULL,	NULL,	NULL,	NULL,	NULL,	NULL,	NULL,	NULL,	NULL,	NULL,	NULL,	NULL,	NULL,	NULL,	NULL),
(22,	10,	'Gaya',	NULL,	NULL,	NULL,	NULL,	NULL,	NULL,	NULL,	NULL,	NULL,	NULL,	NULL,	NULL,	NULL,	NULL,	NULL,	NULL,	NULL,	NULL),
(23,	10,	'Bhagalpur',	NULL,	NULL,	NULL,	NULL,	NULL,	NULL,	NULL,	NULL,	NULL,	NULL,	NULL,	NULL,	NULL,	NULL,	NULL,	NULL,	NULL,	NULL),
(24,	10,	'Muzaffarpur',	NULL,	NULL,	NULL,	NULL,	NULL,	NULL,	NULL,	NULL,	NULL,	NULL,	NULL,	NULL,	NULL,	NULL,	NULL,	NULL,	NULL,	NULL),
(25,	10,	'Bihar Sharif',	NULL,	NULL,	NULL,	NULL,	NULL,	NULL,	NULL,	NULL,	NULL,	NULL,	NULL,	NULL,	NULL,	NULL,	NULL,	NULL,	NULL,	NULL),
(26,	10,	'Purnia',	NULL,	NULL,	NULL,	NULL,	NULL,	NULL,	NULL,	NULL,	NULL,	NULL,	NULL,	NULL,	NULL,	NULL,	NULL,	NULL,	NULL,	NULL),
(27,	10,	'Arrah',	NULL,	NULL,	NULL,	NULL,	NULL,	NULL,	NULL,	NULL,	NULL,	NULL,	NULL,	NULL,	NULL,	NULL,	NULL,	NULL,	NULL,	NULL),
(28,	10,	'Begusarai',	NULL,	NULL,	NULL,	NULL,	NULL,	NULL,	NULL,	NULL,	NULL,	NULL,	NULL,	NULL,	NULL,	NULL,	NULL,	NULL,	NULL,	NULL),
(29,	10,	'Munger',	NULL,	NULL,	NULL,	NULL,	NULL,	NULL,	NULL,	NULL,	NULL,	NULL,	NULL,	NULL,	NULL,	NULL,	NULL,	NULL,	NULL,	NULL),
(30,	10,	'Chapra',	NULL,	NULL,	NULL,	NULL,	NULL,	NULL,	NULL,	NULL,	NULL,	NULL,	NULL,	NULL,	NULL,	NULL,	NULL,	NULL,	NULL,	NULL),
(31,	10,	'Danapur',	NULL,	NULL,	NULL,	NULL,	NULL,	NULL,	NULL,	NULL,	NULL,	NULL,	NULL,	NULL,	NULL,	NULL,	NULL,	NULL,	NULL,	NULL),
(32,	10,	'Katihar',	NULL,	NULL,	NULL,	NULL,	NULL,	NULL,	NULL,	NULL,	NULL,	NULL,	NULL,	NULL,	NULL,	NULL,	NULL,	NULL,	NULL,	NULL),
(33,	10,	'Saharsa',	NULL,	NULL,	NULL,	NULL,	NULL,	NULL,	NULL,	NULL,	NULL,	NULL,	NULL,	NULL,	NULL,	NULL,	NULL,	NULL,	NULL,	NULL),
(34,	10,	'Hajipur',	NULL,	NULL,	NULL,	NULL,	NULL,	NULL,	NULL,	NULL,	NULL,	NULL,	NULL,	NULL,	NULL,	NULL,	NULL,	NULL,	NULL,	NULL),
(35,	10,	'Siwan',	NULL,	NULL,	NULL,	NULL,	NULL,	NULL,	NULL,	NULL,	NULL,	NULL,	NULL,	NULL,	NULL,	NULL,	NULL,	NULL,	NULL,	NULL),
(36,	10,	'Bettiah',	NULL,	NULL,	NULL,	NULL,	NULL,	NULL,	NULL,	NULL,	NULL,	NULL,	NULL,	NULL,	NULL,	NULL,	NULL,	NULL,	NULL,	NULL),
(37,	10,	'Motihari',	NULL,	NULL,	NULL,	NULL,	NULL,	NULL,	NULL,	NULL,	NULL,	NULL,	NULL,	NULL,	NULL,	NULL,	NULL,	NULL,	NULL,	NULL),
(38,	10,	'Kishanganj',	NULL,	NULL,	NULL,	NULL,	NULL,	NULL,	NULL,	NULL,	NULL,	NULL,	NULL,	NULL,	NULL,	NULL,	NULL,	NULL,	NULL,	NULL),
(39,	10,	'Jamalpur',	NULL,	NULL,	NULL,	NULL,	NULL,	NULL,	NULL,	NULL,	NULL,	NULL,	NULL,	NULL,	NULL,	NULL,	NULL,	NULL,	NULL,	NULL),
(40,	10,	'Aurangabad',	NULL,	NULL,	NULL,	NULL,	NULL,	NULL,	NULL,	NULL,	NULL,	NULL,	NULL,	NULL,	NULL,	NULL,	NULL,	NULL,	NULL,	NULL),
(41,	18,	'Guwahati',	NULL,	NULL,	NULL,	NULL,	NULL,	NULL,	NULL,	NULL,	NULL,	NULL,	NULL,	NULL,	NULL,	NULL,	NULL,	NULL,	NULL,	NULL),
(42,	18,	'Silchar',	NULL,	NULL,	NULL,	NULL,	NULL,	NULL,	NULL,	NULL,	NULL,	NULL,	NULL,	NULL,	NULL,	NULL,	NULL,	NULL,	NULL,	NULL),
(43,	18,	'Dibrugarh',	NULL,	NULL,	NULL,	NULL,	NULL,	NULL,	NULL,	NULL,	NULL,	NULL,	NULL,	NULL,	NULL,	NULL,	NULL,	NULL,	NULL,	NULL),
(44,	18,	'Jorhat',	NULL,	NULL,	NULL,	NULL,	NULL,	NULL,	NULL,	NULL,	NULL,	NULL,	NULL,	NULL,	NULL,	NULL,	NULL,	NULL,	NULL,	NULL),
(45,	18,	'Tezpur',	NULL,	NULL,	NULL,	NULL,	NULL,	NULL,	NULL,	NULL,	NULL,	NULL,	NULL,	NULL,	NULL,	NULL,	NULL,	NULL,	NULL,	NULL),
(46,	22,	'Raipur',	NULL,	NULL,	NULL,	NULL,	NULL,	NULL,	NULL,	NULL,	NULL,	NULL,	NULL,	NULL,	NULL,	NULL,	NULL,	NULL,	NULL,	NULL),
(47,	22,	'Bhilai',	NULL,	NULL,	NULL,	NULL,	NULL,	NULL,	NULL,	NULL,	NULL,	NULL,	NULL,	NULL,	NULL,	NULL,	NULL,	NULL,	NULL,	NULL),
(48,	22,	'Korba',	NULL,	NULL,	NULL,	NULL,	NULL,	NULL,	NULL,	NULL,	NULL,	NULL,	NULL,	NULL,	NULL,	NULL,	NULL,	NULL,	NULL,	NULL),
(49,	22,	'Durg',	NULL,	NULL,	NULL,	NULL,	NULL,	NULL,	NULL,	NULL,	NULL,	NULL,	NULL,	NULL,	NULL,	NULL,	NULL,	NULL,	NULL,	NULL),
(50,	24,	'Ahmedabad',	NULL,	NULL,	NULL,	NULL,	NULL,	NULL,	NULL,	NULL,	NULL,	NULL,	NULL,	NULL,	NULL,	NULL,	NULL,	NULL,	NULL,	NULL),
(51,	24,	'Surat',	NULL,	NULL,	NULL,	NULL,	NULL,	NULL,	NULL,	NULL,	NULL,	NULL,	NULL,	NULL,	NULL,	NULL,	NULL,	NULL,	NULL,	NULL),
(52,	24,	'Vadodara',	NULL,	NULL,	NULL,	NULL,	NULL,	NULL,	NULL,	NULL,	NULL,	NULL,	NULL,	NULL,	NULL,	NULL,	NULL,	NULL,	NULL,	NULL),
(53,	24,	'Rajkot',	NULL,	NULL,	NULL,	NULL,	NULL,	NULL,	NULL,	NULL,	NULL,	NULL,	NULL,	NULL,	NULL,	NULL,	NULL,	NULL,	NULL,	NULL),
(54,	24,	'Bhavnagar',	NULL,	NULL,	NULL,	NULL,	NULL,	NULL,	NULL,	NULL,	NULL,	NULL,	NULL,	NULL,	NULL,	NULL,	NULL,	NULL,	NULL,	NULL),
(55,	24,	'Jamnagar',	NULL,	NULL,	NULL,	NULL,	NULL,	NULL,	NULL,	NULL,	NULL,	NULL,	NULL,	NULL,	NULL,	NULL,	NULL,	NULL,	NULL,	NULL),
(56,	24,	'Gandhidham',	NULL,	NULL,	NULL,	NULL,	NULL,	NULL,	NULL,	NULL,	NULL,	NULL,	NULL,	NULL,	NULL,	NULL,	NULL,	NULL,	NULL,	NULL),
(57,	24,	'Nadiad',	NULL,	NULL,	NULL,	NULL,	NULL,	NULL,	NULL,	NULL,	NULL,	NULL,	NULL,	NULL,	NULL,	NULL,	NULL,	NULL,	NULL,	NULL),
(58,	24,	'Gandhinagar',	NULL,	NULL,	NULL,	NULL,	NULL,	NULL,	NULL,	NULL,	NULL,	NULL,	NULL,	NULL,	NULL,	NULL,	NULL,	NULL,	NULL,	NULL),
(59,	24,	'Morbi',	NULL,	NULL,	NULL,	NULL,	NULL,	NULL,	NULL,	NULL,	NULL,	NULL,	NULL,	NULL,	NULL,	NULL,	NULL,	NULL,	NULL,	NULL),
(60,	24,	'Mehsana',	NULL,	NULL,	NULL,	NULL,	NULL,	NULL,	NULL,	NULL,	NULL,	NULL,	NULL,	NULL,	NULL,	NULL,	NULL,	NULL,	NULL,	NULL),
(61,	28,	'Visakhapatnam',	NULL,	NULL,	NULL,	NULL,	NULL,	NULL,	NULL,	NULL,	NULL,	NULL,	NULL,	NULL,	NULL,	NULL,	NULL,	NULL,	NULL,	NULL),
(62,	28,	'Vijayawada',	NULL,	NULL,	NULL,	NULL,	NULL,	NULL,	NULL,	NULL,	NULL,	NULL,	NULL,	NULL,	NULL,	NULL,	NULL,	NULL,	NULL,	NULL),
(63,	28,	'Guntur',	NULL,	NULL,	NULL,	NULL,	NULL,	NULL,	NULL,	NULL,	NULL,	NULL,	NULL,	NULL,	NULL,	NULL,	NULL,	NULL,	NULL,	NULL),
(64,	28,	'Nellore',	NULL,	NULL,	NULL,	NULL,	NULL,	NULL,	NULL,	NULL,	NULL,	NULL,	NULL,	NULL,	NULL,	NULL,	NULL,	NULL,	NULL,	NULL),
(65,	28,	'Kakinada',	NULL,	NULL,	NULL,	NULL,	NULL,	NULL,	NULL,	NULL,	NULL,	NULL,	NULL,	NULL,	NULL,	NULL,	NULL,	NULL,	NULL,	NULL),
(66,	28,	'Rajahmundry',	NULL,	NULL,	NULL,	NULL,	NULL,	NULL,	NULL,	NULL,	NULL,	NULL,	NULL,	NULL,	NULL,	NULL,	NULL,	NULL,	NULL,	NULL),
(67,	28,	'Tirupati',	NULL,	NULL,	NULL,	NULL,	NULL,	NULL,	NULL,	NULL,	NULL,	NULL,	NULL,	NULL,	NULL,	NULL,	NULL,	NULL,	NULL,	NULL),
(68,	28,	'Kadapa',	NULL,	NULL,	NULL,	NULL,	NULL,	NULL,	NULL,	NULL,	NULL,	NULL,	NULL,	NULL,	NULL,	NULL,	NULL,	NULL,	NULL,	NULL),
(69,	28,	'Kurnool',	NULL,	NULL,	NULL,	NULL,	NULL,	NULL,	NULL,	NULL,	NULL,	NULL,	NULL,	NULL,	NULL,	NULL,	NULL,	NULL,	NULL,	NULL),
(70,	28,	'Eluru',	NULL,	NULL,	NULL,	NULL,	NULL,	NULL,	NULL,	NULL,	NULL,	NULL,	NULL,	NULL,	NULL,	NULL,	NULL,	NULL,	NULL,	NULL),
(71,	28,	'Anantapur',	NULL,	NULL,	NULL,	NULL,	NULL,	NULL,	NULL,	NULL,	NULL,	NULL,	NULL,	NULL,	NULL,	NULL,	NULL,	NULL,	NULL,	NULL),
(72,	28,	'Vijayanagaram',	NULL,	NULL,	NULL,	NULL,	NULL,	NULL,	NULL,	NULL,	NULL,	NULL,	NULL,	NULL,	NULL,	NULL,	NULL,	NULL,	NULL,	NULL),
(73,	28,	'Nandyal',	NULL,	NULL,	NULL,	NULL,	NULL,	NULL,	NULL,	NULL,	NULL,	NULL,	NULL,	NULL,	NULL,	NULL,	NULL,	NULL,	NULL,	NULL),
(74,	28,	'Chittoor',	NULL,	NULL,	NULL,	NULL,	NULL,	NULL,	NULL,	NULL,	NULL,	NULL,	NULL,	NULL,	NULL,	NULL,	NULL,	NULL,	NULL,	NULL),
(75,	28,	'Machilipatnam',	NULL,	NULL,	NULL,	NULL,	NULL,	NULL,	NULL,	NULL,	NULL,	NULL,	NULL,	NULL,	NULL,	NULL,	NULL,	NULL,	NULL,	NULL),
(76,	28,	'Adoni',	NULL,	NULL,	NULL,	NULL,	NULL,	NULL,	NULL,	NULL,	NULL,	NULL,	NULL,	NULL,	NULL,	NULL,	NULL,	NULL,	NULL,	NULL),
(77,	28,	'Proddatur',	NULL,	NULL,	NULL,	NULL,	NULL,	NULL,	NULL,	NULL,	NULL,	NULL,	NULL,	NULL,	NULL,	NULL,	NULL,	NULL,	NULL,	NULL),
(78,	28,	'Hindupur',	NULL,	NULL,	NULL,	NULL,	NULL,	NULL,	NULL,	NULL,	NULL,	NULL,	NULL,	NULL,	NULL,	NULL,	NULL,	NULL,	NULL,	NULL),
(79,	28,	'Bhimavaram',	NULL,	NULL,	NULL,	NULL,	NULL,	NULL,	NULL,	NULL,	NULL,	NULL,	NULL,	NULL,	NULL,	NULL,	NULL,	NULL,	NULL,	NULL),
(80,	28,	'Madanapalle',	NULL,	NULL,	NULL,	NULL,	NULL,	NULL,	NULL,	NULL,	NULL,	NULL,	NULL,	NULL,	NULL,	NULL,	NULL,	NULL,	NULL,	NULL),
(81,	28,	'Guntakal',	NULL,	NULL,	NULL,	NULL,	NULL,	NULL,	NULL,	NULL,	NULL,	NULL,	NULL,	NULL,	NULL,	NULL,	NULL,	NULL,	NULL,	NULL),
(82,	28,	'Dharmavaram',	NULL,	NULL,	NULL,	NULL,	NULL,	NULL,	NULL,	NULL,	NULL,	NULL,	NULL,	NULL,	NULL,	NULL,	NULL,	NULL,	NULL,	NULL),
(83,	28,	'Gudivada',	NULL,	NULL,	NULL,	NULL,	NULL,	NULL,	NULL,	NULL,	NULL,	NULL,	NULL,	NULL,	NULL,	NULL,	NULL,	NULL,	NULL,	NULL),
(84,	28,	'Narasaraopet',	NULL,	NULL,	NULL,	NULL,	NULL,	NULL,	NULL,	NULL,	NULL,	NULL,	NULL,	NULL,	NULL,	NULL,	NULL,	NULL,	NULL,	NULL),
(85,	28,	'Tadipatri',	NULL,	NULL,	NULL,	NULL,	NULL,	NULL,	NULL,	NULL,	NULL,	NULL,	NULL,	NULL,	NULL,	NULL,	NULL,	NULL,	NULL,	NULL),
(86,	28,	'Kavali',	NULL,	NULL,	NULL,	NULL,	NULL,	NULL,	NULL,	NULL,	NULL,	NULL,	NULL,	NULL,	NULL,	NULL,	NULL,	NULL,	NULL,	NULL),
(87,	28,	'Amaravati',	NULL,	NULL,	NULL,	NULL,	NULL,	NULL,	NULL,	NULL,	NULL,	NULL,	NULL,	NULL,	NULL,	NULL,	NULL,	NULL,	NULL,	NULL);

INSERT INTO `ref_state` (`id`, `ref_country_id`, `short_name`, `state_name`, `lgd_code`, `maker_id`, `maker_status_id`, `maker_remarks`, `created_date`, `checker_id`, `checker_status_id`, `checker_remarks`, `checked_date`, `approver_id`, `approver_status_id`, `approver_remarks`, `display_on_date`, `approved_date`, `ref_status_id`, `created_by`, `created_at`, `updated_by`, `updated_at`, `deleted_at`) VALUES
(1,	95,	'JK',	'Jammu And Kashmir',	1,	NULL,	NULL,	NULL,	NULL,	NULL,	NULL,	NULL,	NULL,	NULL,	NULL,	NULL,	NULL,	NULL,	1,	1,	'2022-05-23 05:22:33',	NULL,	NULL,	NULL),
(2,	95,	'HP',	'Himachal Pradesh',	2,	NULL,	NULL,	NULL,	NULL,	NULL,	NULL,	NULL,	NULL,	NULL,	NULL,	NULL,	NULL,	NULL,	1,	1,	'2022-05-23 05:22:33',	NULL,	NULL,	NULL),
(3,	95,	'PB',	'Punjab',	3,	NULL,	NULL,	NULL,	NULL,	NULL,	NULL,	NULL,	NULL,	NULL,	NULL,	NULL,	NULL,	NULL,	1,	1,	'2022-05-23 05:22:33',	NULL,	NULL,	NULL),
(4,	95,	'CH',	'Chandigarh',	4,	NULL,	NULL,	NULL,	NULL,	NULL,	NULL,	NULL,	NULL,	NULL,	NULL,	NULL,	NULL,	NULL,	1,	1,	'2022-05-23 05:22:33',	NULL,	NULL,	NULL),
(5,	95,	'UK',	'Uttarakhand',	5,	NULL,	NULL,	NULL,	NULL,	NULL,	NULL,	NULL,	NULL,	NULL,	NULL,	NULL,	NULL,	NULL,	1,	1,	'2022-05-23 05:22:33',	NULL,	NULL,	NULL),
(6,	95,	'HR',	'Haryana',	6,	NULL,	NULL,	NULL,	NULL,	NULL,	NULL,	NULL,	NULL,	NULL,	NULL,	NULL,	NULL,	NULL,	1,	1,	'2022-05-23 05:22:33',	NULL,	NULL,	NULL),
(7,	95,	'DL',	'Delhi',	7,	NULL,	NULL,	NULL,	NULL,	NULL,	NULL,	NULL,	NULL,	NULL,	NULL,	NULL,	NULL,	NULL,	1,	1,	'2022-05-23 05:22:33',	NULL,	NULL,	NULL),
(8,	95,	'RJ',	'Rajasthan',	8,	NULL,	NULL,	NULL,	NULL,	NULL,	NULL,	NULL,	NULL,	NULL,	NULL,	NULL,	NULL,	NULL,	1,	1,	'2022-05-23 05:22:33',	NULL,	NULL,	NULL),
(9,	95,	'UP',	'Uttar Pradesh',	9,	NULL,	NULL,	NULL,	NULL,	NULL,	NULL,	NULL,	NULL,	NULL,	NULL,	NULL,	NULL,	NULL,	1,	1,	'2022-05-23 05:22:33',	NULL,	NULL,	NULL),
(10,	95,	'BR',	'Bihar',	10,	NULL,	NULL,	NULL,	NULL,	NULL,	NULL,	NULL,	NULL,	NULL,	NULL,	NULL,	NULL,	NULL,	1,	1,	'2022-05-23 05:22:33',	NULL,	NULL,	NULL),
(11,	95,	'SK',	'Sikkim',	11,	NULL,	NULL,	NULL,	NULL,	NULL,	NULL,	NULL,	NULL,	NULL,	NULL,	NULL,	NULL,	NULL,	1,	1,	'2022-05-23 05:22:33',	NULL,	NULL,	NULL),
(12,	95,	'AR',	'Arunachal Pradesh',	12,	NULL,	NULL,	NULL,	NULL,	NULL,	NULL,	NULL,	NULL,	NULL,	NULL,	NULL,	NULL,	NULL,	1,	1,	'2022-05-23 05:22:33',	NULL,	NULL,	NULL),
(13,	95,	'NL',	'Nagaland',	13,	NULL,	NULL,	NULL,	NULL,	NULL,	NULL,	NULL,	NULL,	NULL,	NULL,	NULL,	NULL,	NULL,	1,	1,	'2022-05-23 05:22:33',	NULL,	NULL,	NULL),
(14,	95,	'MN',	'Manipur',	14,	NULL,	NULL,	NULL,	NULL,	NULL,	NULL,	NULL,	NULL,	NULL,	NULL,	NULL,	NULL,	NULL,	1,	1,	'2022-05-23 05:22:33',	NULL,	NULL,	NULL),
(15,	95,	'MZ',	'Mizoram',	15,	NULL,	NULL,	NULL,	NULL,	NULL,	NULL,	NULL,	NULL,	NULL,	NULL,	NULL,	NULL,	NULL,	1,	1,	'2022-05-23 05:22:33',	NULL,	NULL,	NULL),
(16,	95,	'TP',	'Tripura',	16,	NULL,	NULL,	NULL,	NULL,	NULL,	NULL,	NULL,	NULL,	NULL,	NULL,	NULL,	NULL,	NULL,	1,	1,	'2022-05-23 05:22:33',	NULL,	NULL,	NULL),
(17,	95,	'ML',	'Meghalaya',	17,	NULL,	NULL,	NULL,	NULL,	NULL,	NULL,	NULL,	NULL,	NULL,	NULL,	NULL,	NULL,	NULL,	1,	1,	'2022-05-23 05:22:33',	NULL,	NULL,	NULL),
(18,	95,	'AS',	'Assam',	18,	NULL,	NULL,	NULL,	NULL,	NULL,	NULL,	NULL,	NULL,	NULL,	NULL,	NULL,	NULL,	NULL,	1,	1,	'2022-05-23 05:22:33',	NULL,	NULL,	NULL),
(19,	95,	'WB',	'West Bengal',	19,	NULL,	NULL,	NULL,	NULL,	NULL,	NULL,	NULL,	NULL,	NULL,	NULL,	NULL,	NULL,	NULL,	1,	1,	'2022-05-23 05:22:33',	NULL,	NULL,	NULL),
(20,	95,	'JH',	'Jharkhand',	20,	NULL,	NULL,	NULL,	NULL,	NULL,	NULL,	NULL,	NULL,	NULL,	NULL,	NULL,	NULL,	NULL,	1,	1,	'2022-05-23 05:22:33',	NULL,	NULL,	NULL),
(21,	95,	'OD',	'Odisha',	21,	NULL,	NULL,	NULL,	NULL,	NULL,	NULL,	NULL,	NULL,	NULL,	NULL,	NULL,	NULL,	NULL,	1,	1,	'2022-05-23 05:22:33',	NULL,	NULL,	NULL),
(22,	95,	'CG',	'Chhattisgarh',	22,	NULL,	NULL,	NULL,	NULL,	NULL,	NULL,	NULL,	NULL,	NULL,	NULL,	NULL,	NULL,	NULL,	1,	1,	'2022-05-23 05:22:33',	NULL,	NULL,	NULL),
(23,	95,	'MP',	'Madhya Pradesh',	23,	NULL,	NULL,	NULL,	NULL,	NULL,	NULL,	NULL,	NULL,	NULL,	NULL,	NULL,	NULL,	NULL,	1,	1,	'2022-05-23 05:22:33',	NULL,	NULL,	NULL),
(24,	95,	'GJ',	'Gujarat',	24,	NULL,	NULL,	NULL,	NULL,	NULL,	NULL,	NULL,	NULL,	NULL,	NULL,	NULL,	NULL,	NULL,	1,	1,	'2022-05-23 05:22:33',	NULL,	NULL,	NULL),
(25,	95,	'LA',	'Ladakh',	37,	NULL,	NULL,	NULL,	NULL,	NULL,	NULL,	NULL,	NULL,	NULL,	NULL,	NULL,	NULL,	NULL,	1,	1,	'2022-05-23 05:22:33',	NULL,	NULL,	NULL),
(26,	95,	'DN',	'The Dadra And Nagar Haveli And Daman And Diu',	38,	NULL,	NULL,	NULL,	NULL,	NULL,	NULL,	NULL,	NULL,	NULL,	NULL,	NULL,	NULL,	NULL,	1,	1,	'2022-05-23 05:22:33',	NULL,	NULL,	NULL),
(27,	95,	'MH',	'Maharashtra',	27,	NULL,	NULL,	NULL,	NULL,	NULL,	NULL,	NULL,	NULL,	NULL,	NULL,	NULL,	NULL,	NULL,	1,	1,	'2022-05-23 05:22:33',	NULL,	NULL,	NULL),
(28,	95,	'AP',	'Andhra Pradesh',	28,	NULL,	NULL,	NULL,	NULL,	NULL,	NULL,	NULL,	NULL,	NULL,	NULL,	NULL,	NULL,	NULL,	1,	1,	'2022-05-23 05:22:33',	NULL,	NULL,	NULL),
(29,	95,	'KA',	'Karnataka',	29,	NULL,	NULL,	NULL,	NULL,	NULL,	NULL,	NULL,	NULL,	NULL,	NULL,	NULL,	NULL,	NULL,	1,	1,	'2022-05-23 05:22:33',	NULL,	NULL,	NULL),
(30,	95,	'GA',	'Goa',	30,	NULL,	NULL,	NULL,	NULL,	NULL,	NULL,	NULL,	NULL,	NULL,	NULL,	NULL,	NULL,	NULL,	1,	1,	'2022-05-23 05:22:33',	NULL,	NULL,	NULL),
(31,	95,	'LD',	'Lakshadweep',	31,	NULL,	NULL,	NULL,	NULL,	NULL,	NULL,	NULL,	NULL,	NULL,	NULL,	NULL,	NULL,	NULL,	1,	1,	'2022-05-23 05:22:33',	NULL,	NULL,	NULL),
(32,	95,	'KL',	'Kerala',	32,	NULL,	NULL,	NULL,	NULL,	NULL,	NULL,	NULL,	NULL,	NULL,	NULL,	NULL,	NULL,	NULL,	1,	1,	'2022-05-23 05:22:33',	NULL,	NULL,	NULL),
(33,	95,	'TN',	'Tamil Nadu',	33,	NULL,	NULL,	NULL,	NULL,	NULL,	NULL,	NULL,	NULL,	NULL,	NULL,	NULL,	NULL,	NULL,	1,	1,	'2022-05-23 05:22:33',	NULL,	NULL,	NULL),
(34,	95,	'PY',	'Puducherry',	34,	NULL,	NULL,	NULL,	NULL,	NULL,	NULL,	NULL,	NULL,	NULL,	NULL,	NULL,	NULL,	NULL,	1,	1,	'2022-05-23 05:22:33',	NULL,	NULL,	NULL),
(35,	95,	'AN',	'Andaman And Nicobar Islands',	35,	NULL,	NULL,	NULL,	NULL,	NULL,	NULL,	NULL,	NULL,	NULL,	NULL,	NULL,	NULL,	NULL,	1,	1,	'2022-05-23 05:22:33',	NULL,	NULL,	NULL),
(36,	95,	'TS',	'Telangana',	36,	NULL,	NULL,	NULL,	NULL,	NULL,	NULL,	NULL,	NULL,	NULL,	NULL,	NULL,	NULL,	NULL,	1,	1,	'2022-05-23 05:22:33',	NULL,	'2022-06-16 06:50:14',	NULL);

SET NAMES utf8mb4;

DROP TABLE IF EXISTS `users`;
CREATE TABLE `users` (
  `id` bigint(11) NOT NULL AUTO_INCREMENT,
  `first_name` varchar(200) DEFAULT NULL,
  `last_name` varchar(200) DEFAULT NULL,
  `email` varchar(200) DEFAULT NULL,
  `password` varchar(200) DEFAULT NULL,
  `country_id` int(11) NOT NULL,
  `state` varchar(200) DEFAULT NULL,
  `city` varchar(200) DEFAULT NULL,
  `terms_condition` tinyint(1) NOT NULL DEFAULT '0',
  `created_at` datetime DEFAULT NULL,
  `created_by` int(11) DEFAULT NULL,
  `updated_at` datetime DEFAULT NULL,
  `updated_by` int(11) DEFAULT NULL,
  `is_deleted` tinyint(1) NOT NULL DEFAULT '0',
  PRIMARY KEY (`id`)
) ENGINE=InnoDB DEFAULT CHARSET=utf8mb4;

INSERT INTO `users` (`id`, `first_name`, `last_name`, `email`, `password`, `country_id`, `state`, `city`, `terms_condition`, `created_at`, `created_by`, `updated_at`, `updated_by`, `is_deleted`) VALUES
(1,	'Test',	'Testing',	'test@gmail.com',	'8d969eef6ecad3c29a3a629280e686cf0c3f5d5a86aff3ca12020c923adc6c92',	95,	'UP',	'Noida',	1,	'2022-08-18 04:34:35',	1,	'2022-08-18 04:34:35',	NULL,	0),
(2,	'Rahul',	'Gupta',	'rahulgpt353@gmail.com',	'8d969eef6ecad3c29a3a629280e686cf0c3f5d5a86aff3ca12020c923adc6c92',	95,	'UP',	'Noida',	1,	'2022-08-18 04:46:32',	1,	'2022-08-18 04:46:32',	NULL,	0);

-- 2022-08-18 05:12:45
